"configuration_form_leading_indicator_Id","leading_indicator_name","Technology","MTPM","uom_metric","uom_imperial","leading_indicator_path","configuration_form_mtpm_id"
"CORNWETMILLCORNGLUTENMEALPROTEINFINEFIBERADDITIONRATE","Fine Fiber Addition Rate","Corn Wet Mill","Corn Gluten Meal Protein","m3/h","gpm","Wahpeton\_Reporting\Corn Wet Mill\KPI\Corn Gluten Meal Protein\Fine Fiber Addition Rate","WAHPETONCORNWETMILLCORNGLUTENMEALPROTEIN"
"CORNWETMILLCORNGLUTENMEALPROTEINHSWADDITIONRATE","HSW Addition Rate","Corn Wet Mill","Corn Gluten Meal Protein","m3/h","gpm","Fort Dodge\_Reporting\Corn Wet Mill\KPI\Corn Gluten Meal Protein\HSW Addition Rate","FORTDODGECORNWETMILLCORNGLUTENMEALPROTEIN"
"CORNWETMILLCORNGLUTENMEALPROTEINPRIMARYFEEDDENSITY","Primary Feed Density","Corn Wet Mill","Corn Gluten Meal Protein","Be","Be","Fort Dodge\_Reporting\Corn Wet Mill\KPI\Corn Gluten Meal Protein\Primary Feed Density","FORTDODGECORNWETMILLCORNGLUTENMEALPROTEIN"
"CORNWETMILLCORNGLUTENMEALPROTEINPRIMARYOFSPINNERS","Primary OF Spinners","Corn Wet Mill","Corn Gluten Meal Protein","mL","mL/15mL","Fort Dodge\_Reporting\Corn Wet Mill\KPI\Corn Gluten Meal Protein\Primary OF Spinners","FORTDODGECORNWETMILLCORNGLUTENMEALPROTEIN"
"CORNWETMILLCORNGLUTENMEALPROTEINPRIMARYUFBAUME","Primary UF Baume","Corn Wet Mill","Corn Gluten Meal Protein","Be","Be","Fort Dodge\_Reporting\Corn Wet Mill\KPI\Corn Gluten Meal Protein\Primary UF Baume","FORTDODGECORNWETMILLCORNGLUTENMEALPROTEIN"
"CORNWETMILLCORNGLUTENMEALPROTEINPRIMARYUFVALVEPOSITION","Primary UF Valve Position","Corn Wet Mill","Corn Gluten Meal Protein","%","%","Fort Dodge\_Reporting\Corn Wet Mill\KPI\Corn Gluten Meal Protein\Primary UF Valve Position","FORTDODGECORNWETMILLCORNGLUTENMEALPROTEIN"
"CORNWETMILLLIGHTSTEEPWATERPROTEINLSWDBPROTEIN","LSW DB Protein","Corn Wet Mill","Light Steepwater Protein","%db","%db","Fort Dodge\_Reporting\Corn Wet Mill\KPI\Light Steepwater Protein\LSW DB Protein","FORTDODGECORNWETMILLLIGHTSTEEPWATERPROTEIN"
"CORNWETMILLLIGHTSTEEPWATERPROTEINLSWDENSITY","LSW Density","Corn Wet Mill","Light Steepwater Protein","Be","Be","Fort Dodge\_Reporting\Corn Wet Mill\KPI\Light Steepwater Protein\LSW Density","FORTDODGECORNWETMILLLIGHTSTEEPWATERPROTEIN"
"CORNWETMILLLIGHTSTEEPWATERPROTEINSTARCHWASHWATERRATIO","Starch Wash Water Ratio","Corn Wet Mill","Light Steepwater Protein","kg-water/kg-starch","lb-water/lb-starch","Fort Dodge\_Reporting\Corn Wet Mill\KPI\Light Steepwater Protein\Starch Wash Water Ratio","FORTDODGECORNWETMILLLIGHTSTEEPWATERPROTEIN"
"CORNWETMILLLIGHTSTEEPWATERPROTEINSTEEPTIMES","Steeptimes","Corn Wet Mill","Light Steepwater Protein","h","h","Fort Dodge\_Reporting\Corn Wet Mill\KPI\Light Steepwater Protein\Steeptimes","FORTDODGECORNWETMILLLIGHTSTEEPWATERPROTEIN"
"CORNWETMILLOILINFIBER3RDGRINDFEEDFLOATERS","3rd Grind Feed Floaters","Corn Wet Mill","Oil in Fiber","floaters/500 ml","floaters/500 ml","Wahpeton\_Reporting\Corn Wet Mill\KPI\Oil in Fiber\3rd Grind Feed Floaters","WAHPETONCORNWETMILLOILINFIBER"
"CORNWETMILLOILINFIBER3RDGRINDFEEDSINKERS","3rd Grind Feed Sinkers","Corn Wet Mill","Oil in Fiber","sinkers/500 ml","sinkers/500 ml","Wahpeton\_Reporting\Corn Wet Mill\KPI\Oil in Fiber\3rd Grind Feed Sinkers","WAHPETONCORNWETMILLOILINFIBER"
"CORNWETMILLOILINFIBERHIGH-PRESSURESCREENWASHFREQUENCY(2NDGRINDSCREENS)","High-Pressure Screen Wash Frequency (2nd Grind Screens)","Corn Wet Mill","Oil in Fiber","h","h","Wahpeton\_Reporting\Corn Wet Mill\KPI\Oil in Fiber\High-Pressure Screen Wash Frequency (2nd Grind Screens)","WAHPETONCORNWETMILLOILINFIBER"
"CORNWETMILLOILINFIBERK1PRESSURESFEEDPRESSURE","K1 Pressures Feed Pressure","Corn Wet Mill","Oil in Fiber","bar","psi","Fort Dodge\_Reporting\Corn Wet Mill\KPI\Oil in Fiber\K1 Pressures Feed Pressure","FORTDODGECORNWETMILLOILINFIBER"
"CORNWETMILLOILINFIBERK3PRESSURESFEEDPRESSURE","K3 Pressures Feed Pressure","Corn Wet Mill","Oil in Fiber","kPa","psi","Fort Dodge\_Reporting\Corn Wet Mill\KPI\Oil in Fiber\K3 Pressures Feed Pressure","FORTDODGECORNWETMILLOILINFIBER"
"CORNWETMILLOILINFIBEROILINFIBER","Oil in Fiber","Corn Wet Mill","Oil in Fiber","%db","%db","Hammond\_Reporting\Corn Wet Mill\KPI\Oil in Fiber\Oil in Fiber","HAMMONDCORNWETMILLOILINFIBER"
"CORNWETMILLOILINFIBERSTEEPTIMES","Steeptimes","Corn Wet Mill","Oil in Fiber","h","h","Fort Dodge\_Reporting\Corn Wet Mill\KPI\Oil in Fiber\Steeptimes","FORTDODGECORNWETMILLOILINFIBER"
"CORNWETMILLOILINGLUTEN3RDGRINDFEEDFLOATERS","3rd Grind Feed Floaters","Corn Wet Mill","Oil in Gluten","floaters/500 ml","floaters/500 ml","Wahpeton\_Reporting\Corn Wet Mill\KPI\Oil in Gluten\3rd Grind Feed Floaters","WAHPETONCORNWETMILLOILINGLUTEN"
"CORNWETMILLOILINGLUTEN3RDGRINDFEEDSINKERS","3rd Grind Feed Sinkers","Corn Wet Mill","Oil in Gluten","sinkers/500 ml","sinkers/500 ml","Wahpeton\_Reporting\Corn Wet Mill\KPI\Oil in Gluten\3rd Grind Feed Sinkers","WAHPETONCORNWETMILLOILINGLUTEN"
"CORNWETMILLOILINGLUTENK3O/SRATIO","K3 O/S Ratio","Corn Wet Mill","Oil in Gluten","%","%","Wahpeton\_Reporting\Corn Wet Mill\KPI\Oil in Gluten\K3 O/S Ratio","WAHPETONCORNWETMILLOILINGLUTEN"
"CORNWETMILLOILINGLUTENK3O/SRATIOS","K3 O/S Ratios","Corn Wet Mill","Oil in Gluten","%","%","Fort Dodge\_Reporting\Corn Wet Mill\KPI\Oil in Gluten\K3 O/S Ratios","FORTDODGECORNWETMILLOILINGLUTEN"
"CORNWETMILLSTARCHINFIBER3RDGRINDAMP","3rd Grind Amp","Corn Wet Mill","Starch in Fiber","amps (%flc)","amps (%flc)","Fort Dodge\_Reporting\Corn Wet Mill\KPI\Starch in Fiber\3rd Grind Amp","FORTDODGECORNWETMILLSTARCHINFIBER"
"CORNWETMILLSTARCHINFIBER3RDGRINDAMPS","3rd Grind Amps","Corn Wet Mill","Starch in Fiber","amps (%flc)","amps (%flc)","Wahpeton\_Reporting\Corn Wet Mill\KPI\Starch in Fiber\3rd Grind Amps","WAHPETONCORNWETMILLSTARCHINFIBER"
"CORNWETMILLSTARCHINFIBER3RDGRINDMILLS(FORWARD/REVERSE)ROTATIONFREQUENCY","3rd Grind Mills (Forward/ Reverse) Rotation Frequency","Corn Wet Mill","Starch in Fiber","h","h","Wahpeton\_Reporting\Corn Wet Mill\KPI\Starch in Fiber\3rd Grind Mills (Forward/ Reverse) Rotation Frequency","WAHPETONCORNWETMILLSTARCHINFIBER"
"CORNWETMILLSTARCHINFIBER3RDGRINDMILLSPLATECHANGEFREQUENCY","3rd Grind Mills Plate Change Frequency","Corn Wet Mill","Starch in Fiber","d","d","Wahpeton\_Reporting\Corn Wet Mill\KPI\Starch in Fiber\3rd Grind Mills Plate Change Frequency","WAHPETONCORNWETMILLSTARCHINFIBER"
"CORNWETMILLSTARCHINFIBERBOUNDSTARCHINFIBER","Bound Starch in Fiber","Corn Wet Mill","Starch in Fiber","%db","%db","Fort Dodge\_Reporting\Corn Wet Mill\KPI\Starch in Fiber\Bound Starch in Fiber","FORTDODGECORNWETMILLSTARCHINFIBER"
"CORNWETMILLSTARCHINFIBERBSIF-BOUNDSIF","BSIF - Bound SIF","Corn Wet Mill","Starch in Fiber","%db","%db","Wahpeton\_Reporting\Corn Wet Mill\KPI\Starch in Fiber\BSIF - Bound SIF","WAHPETONCORNWETMILLSTARCHINFIBER"
"CORNWETMILLSTARCHINFIBERFREESTARCHINFIBER","Free Starch in Fiber","Corn Wet Mill","Starch in Fiber","%","%","Fort Dodge\_Reporting\Corn Wet Mill\KPI\Starch in Fiber\Free Starch in Fiber","FORTDODGECORNWETMILLSTARCHINFIBER"
"CORNWETMILLSTARCHINFIBERHIGH-PRESSUREFWSCREENWASHFREQUENCY","High-Pressure FW Screen Wash Frequency","Corn Wet Mill","Starch in Fiber","h","h","Wahpeton\_Reporting\Corn Wet Mill\KPI\Starch in Fiber\High-Pressure FW Screen Wash Frequency","WAHPETONCORNWETMILLSTARCHINFIBER"
"CORNWETMILLSTARCHINFIBERSTARCHINFIBER","Starch in Fiber","Corn Wet Mill","Starch in Fiber","%db","%db","Hammond\_Reporting\Corn Wet Mill\KPI\Starch in Fiber\Starch in Fiber","HAMMONDCORNWETMILLSTARCHINFIBER"
"CORNWETMILLSTARCHINFIBERSTEEPTIMES","Steeptimes","Corn Wet Mill","Starch in Fiber","h","h","Fort Dodge\_Reporting\Corn Wet Mill\KPI\Starch in Fiber\Steeptimes","FORTDODGECORNWETMILLSTARCHINFIBER"
"CORNWETMILLSTARCHINGERMBSIF-BOUNDSIF","BSIF - Bound SIF","Corn Wet Mill","Starch in Germ","%db","%db","Hammond\_Reporting\Corn Wet Mill\KPI\Starch in Germ\BSIF - Bound SIF","HAMMONDCORNWETMILLSTARCHINGERM"
"CORNWETMILLSTARCHINGERMGERMWASHWATER(GTMW)RATIO","Germ Wash Water (GTMW) Ratio","Corn Wet Mill","Starch in Germ","m3/t","m3/t","Fort Dodge\_Reporting\Corn Wet Mill\KPI\Starch in Germ\Germ Wash Water (GTMW) Ratio","FORTDODGECORNWETMILLSTARCHINGERM"
"CORNWETMILLSTARCHINGERMHIGH-PRESSURESCREENWASHFREQUENCY(GERMSCREENS)","High-Pressure Screen Wash Frequency (Germ Screens)","Corn Wet Mill","Starch in Germ","h","h","Wahpeton\_Reporting\Corn Wet Mill\KPI\Starch in Germ\High-Pressure Screen Wash Frequency (Germ Screens)","WAHPETONCORNWETMILLSTARCHINGERM"
"CORNWETMILLSTARCHINGERMK1O/SRATIO","K1 O/S Ratio","Corn Wet Mill","Starch in Germ","%","%","Wahpeton\_Reporting\Corn Wet Mill\KPI\Starch in Germ\K1 O/S Ratio","WAHPETONCORNWETMILLSTARCHINGERM"
"CORNWETMILLSTARCHINGERMK1O/SRATIOS","K1 O/S Ratios","Corn Wet Mill","Starch in Germ","%","%","Fort Dodge\_Reporting\Corn Wet Mill\KPI\Starch in Germ\K1 O/S Ratios","FORTDODGECORNWETMILLSTARCHINGERM"
"CORNWETMILLSTARCHSLURRYPROTEIN1STSTAGEO/FBACKPRESSURE","1st Stage O/F Backpressure","Corn Wet Mill","Starch Slurry Protein","%","%","Fort Dodge\_Reporting\Corn Wet Mill\KPI\Starch Slurry Protein\1st Stage O/F Backpressure","FORTDODGECORNWETMILLSTARCHSLURRYPROTEIN"
"CORNWETMILLSTARCHSLURRYPROTEINMSHAPRESSURE","MSH A Pressure","Corn Wet Mill","Starch Slurry Protein","kPa","psi","Fort Dodge\_Reporting\Corn Wet Mill\KPI\Starch Slurry Protein\MSH A Pressure","FORTDODGECORNWETMILLSTARCHSLURRYPROTEIN"
"CORNWETMILLSTARCHSLURRYPROTEINMSHAUFPROTEIN","MSH A UF Protein","Corn Wet Mill","Starch Slurry Protein","%","%","Fort Dodge\_Reporting\Corn Wet Mill\KPI\Starch Slurry Protein\MSH A UF Protein","FORTDODGECORNWETMILLSTARCHSLURRYPROTEIN"
"CORNWETMILLSTARCHSLURRYPROTEINMSHBPRESSURE","MSH B Pressure","Corn Wet Mill","Starch Slurry Protein","kPa","psi","Fort Dodge\_Reporting\Corn Wet Mill\KPI\Starch Slurry Protein\MSH B Pressure","FORTDODGECORNWETMILLSTARCHSLURRYPROTEIN"
"CORNWETMILLSTARCHSLURRYPROTEINMSHBUFPROTEIN","MSH B UF Protein","Corn Wet Mill","Starch Slurry Protein","%","%","Fort Dodge\_Reporting\Corn Wet Mill\KPI\Starch Slurry Protein\MSH B UF Protein","FORTDODGECORNWETMILLSTARCHSLURRYPROTEIN"
"CORNWETMILLSTARCHSLURRYPROTEINPRIMARY1UFBAUME","Primary 1 UF Baume","Corn Wet Mill","Starch Slurry Protein","Be","Be","Fort Dodge\_Reporting\Corn Wet Mill\KPI\Starch Slurry Protein\Primary 1 UF Baume","FORTDODGECORNWETMILLSTARCHSLURRYPROTEIN"
"CORNWETMILLSTARCHSLURRYPROTEINPRIMARY2UFBAUME","Primary 2 UF Baume","Corn Wet Mill","Starch Slurry Protein","Be","Be","Fort Dodge\_Reporting\Corn Wet Mill\KPI\Starch Slurry Protein\Primary 2 UF Baume","FORTDODGECORNWETMILLSTARCHSLURRYPROTEIN"
"CORNWETMILLSTARCHSLURRYPROTEINPROTEINREDUCTION(FEEDVSFINALU/F)","Protein Reduction (Feed vs Final U/F)","Corn Wet Mill","Starch Slurry Protein","%","%","Fort Dodge\_Reporting\Corn Wet Mill\KPI\Starch Slurry Protein\Protein Reduction (Feed vs Final U/F)","FORTDODGECORNWETMILLSTARCHSLURRYPROTEIN"
"CORNWETMILLSTARCHSLURRYPROTEINPSHAPRESSURE","PSH A Pressure","Corn Wet Mill","Starch Slurry Protein","kPa","psi","Fort Dodge\_Reporting\Corn Wet Mill\KPI\Starch Slurry Protein\PSH A Pressure","FORTDODGECORNWETMILLSTARCHSLURRYPROTEIN"
"CORNWETMILLSTARCHSLURRYPROTEINPSHBPRESSURE","PSH B Pressure","Corn Wet Mill","Starch Slurry Protein","kPa","psi","Fort Dodge\_Reporting\Corn Wet Mill\KPI\Starch Slurry Protein\PSH B Pressure","FORTDODGECORNWETMILLSTARCHSLURRYPROTEIN"
"CORNWETMILLSTARCHSLURRYPROTEINSLURRYU/FPROTEIN","Slurry U/F Protein","Corn Wet Mill","Starch Slurry Protein","%db","%db","Hammond\_Reporting\Corn Wet Mill\KPI\Starch Slurry Protein\Slurry U/F Protein","HAMMONDCORNWETMILLSTARCHSLURRYPROTEIN"
"CORNWETMILLSTARCHSLURRYPROTEINSTAGEFEEDPRESSURES(INLINE)","Stage Feed Pressures (Inline)","Corn Wet Mill","Starch Slurry Protein","kPa","psi","Fort Dodge\_Reporting\Corn Wet Mill\KPI\Starch Slurry Protein\Stage Feed Pressures (Inline)","FORTDODGECORNWETMILLSTARCHSLURRYPROTEIN"
"CORNWETMILLSTARCHSLURRYPROTEINSWFDBAUME","SWFD Baume","Corn Wet Mill","Starch Slurry Protein","Be","Be","Fort Dodge\_Reporting\Corn Wet Mill\KPI\Starch Slurry Protein\SWFD Baume","FORTDODGECORNWETMILLSTARCHSLURRYPROTEIN"
"CORNWETMILLSTARCHSLURRYPROTEINSWFDPROTEIN","SWFD Protein","Corn Wet Mill","Starch Slurry Protein","%db","%db","Fort Dodge\_Reporting\Corn Wet Mill\KPI\Starch Slurry Protein\SWFD Protein","FORTDODGECORNWETMILLSTARCHSLURRYPROTEIN"
"CORNWETMILLSTARCHSLURRYPROTEINU/SRATIO(FEEDRATIO)","U/S Ratio (Feed Ratio)","Corn Wet Mill","Starch Slurry Protein","%","%","Fort Dodge\_Reporting\Corn Wet Mill\KPI\Starch Slurry Protein\U/S Ratio (Feed Ratio)","FORTDODGECORNWETMILLSTARCHSLURRYPROTEIN"
"CORNWETMILLSTEAMPREDRYER","Pre Dryer","Corn Wet Mill","Steam","t","lb","Wahpeton\_Reporting\Corn Wet Mill\KPI\Steam\Pre Dryer","WAHPETONCORNWETMILLSTEAM"
"CORNWETMILLSTEAMSTEEPEVAP","Steep Evap","Corn Wet Mill","Steam","t","lb","Wahpeton\_Reporting\Corn Wet Mill\KPI\Steam\Steep Evap","WAHPETONCORNWETMILLSTEAM"
"SWEETENERSREFINERYDXAALIQUEFACTIONCALCIUMCONTENT","Calcium Content","Sweeteners Refinery","DX AA Liquefaction","ppm","ppm","Wahpeton\_Reporting\Sweeteners Refinery\KPI\DX AA Liquefaction\Calcium Content","WAHPETONSWEETENERSREFINERYDXAALIQUEFACTION"
"SWEETENERSREFINERYDXAALIQUEFACTIONJETCOOKERBACKPRESSURE","Jet Cooker Back Pressure","Sweeteners Refinery","DX AA Liquefaction","kPa","psi","Wahpeton\_Reporting\Sweeteners Refinery\KPI\DX AA Liquefaction\Jet Cooker Back Pressure","WAHPETONSWEETENERSREFINERYDXAALIQUEFACTION"
"SWEETENERSREFINERYDXAALIQUEFACTIONJETCOOKERDELTAPRESSURE","Jet Cooker Delta Pressure","Sweeteners Refinery","DX AA Liquefaction","dP","dP","Wahpeton\_Reporting\Sweeteners Refinery\KPI\DX AA Liquefaction\Jet Cooker Delta Pressure","WAHPETONSWEETENERSREFINERYDXAALIQUEFACTION"
"SWEETENERSREFINERYDXAALIQUEFACTIONLIQUEFACTIONDS","Liquefaction DS","Sweeteners Refinery","DX AA Liquefaction","%DS","%DS","Wahpeton\_Reporting\Sweeteners Refinery\KPI\DX AA Liquefaction\Liquefaction DS","WAHPETONSWEETENERSREFINERYDXAALIQUEFACTION"
"SWEETENERSREFINERYDXAALIQUEFACTIONLIQUEFACTIONPH","Liquefaction pH","Sweeteners Refinery","DX AA Liquefaction","pH","pH","Wahpeton\_Reporting\Sweeteners Refinery\KPI\DX AA Liquefaction\Liquefaction pH","WAHPETONSWEETENERSREFINERYDXAALIQUEFACTION"
"SWEETENERSREFINERYDXAALIQUEFACTIONPRIMARYJETCOOKERTEMPERATURE","Primary Jet Cooker Temperature","Sweeteners Refinery","DX AA Liquefaction","°C","°F","Wahpeton\_Reporting\Sweeteners Refinery\KPI\DX AA Liquefaction\Primary Jet Cooker Temperature","WAHPETONSWEETENERSREFINERYDXAALIQUEFACTION"
"SWEETENERSREFINERYDXAALIQUEFACTIONSECONDARYLIQUEFACTIONRESIDENCETIME","Secondary Liquefaction Residence Time","Sweeteners Refinery","DX AA Liquefaction","min","min","Wahpeton\_Reporting\Sweeteners Refinery\KPI\DX AA Liquefaction\Secondary Liquefaction Residence Time","WAHPETONSWEETENERSREFINERYDXAALIQUEFACTION"
"SWEETENERSREFINERYDXAALIQUEFACTIONSECONDARYLIQUEFACTIONTEMPERATURE","Secondary Liquefaction Temperature","Sweeteners Refinery","DX AA Liquefaction","°C","°F","Wahpeton\_Reporting\Sweeteners Refinery\KPI\DX AA Liquefaction\Secondary Liquefaction Temperature","WAHPETONSWEETENERSREFINERYDXAALIQUEFACTION"
"SWEETENERSREFINERYDXAALIQUEFACTIONSODIUMCONTENT","Sodium Content","Sweeteners Refinery","DX AA Liquefaction","ppm","ppm","Wahpeton\_Reporting\Sweeteners Refinery\KPI\DX AA Liquefaction\Sodium Content","WAHPETONSWEETENERSREFINERYDXAALIQUEFACTION"
"SWEETENERSREFINERYDXAALIQUEFACTIONSTARCHFEEDTEMPERATURE","Starch Feed Temperature","Sweeteners Refinery","DX AA Liquefaction","°C","°F","Wahpeton\_Reporting\Sweeteners Refinery\KPI\DX AA Liquefaction\Starch Feed Temperature","WAHPETONSWEETENERSREFINERYDXAALIQUEFACTION"
"SWEETENERSREFINERYDXCARBONCARBONFURNANCEFIREDHEARTHTEMPERATURES","Carbon Furnance Fired Hearth Temperatures","Sweeteners Refinery","DX Carbon","°C","°F","Wahpeton\_Reporting\Sweeteners Refinery\KPI\DX Carbon\Carbon Furnance Fired Hearth Temperatures","WAHPETONSWEETENERSREFINERYDXCARBON"
"SWEETENERSREFINERYDXCARBONCHARGETANKLEVEL","Charge Tank Level","Sweeteners Refinery","DX Carbon","%","%","Wahpeton\_Reporting\Sweeteners Refinery\KPI\DX Carbon\Charge Tank Level","WAHPETONSWEETENERSREFINERYDXCARBON"
"SWEETENERSREFINERYDXCARBONFURNANCEPERCENTAGEFEEDTIME","Furnance Percentage Feed Time","Sweeteners Refinery","DX Carbon","%","%","Wahpeton\_Reporting\Sweeteners Refinery\KPI\DX Carbon\Furnance Percentage Feed Time","WAHPETONSWEETENERSREFINERYDXCARBON"
"SWEETENERSREFINERYDXCARBONQUENCHTANKLEVEL","Quench Tank Level","Sweeteners Refinery","DX Carbon","%","%","Wahpeton\_Reporting\Sweeteners Refinery\KPI\DX Carbon\Quench Tank Level","WAHPETONSWEETENERSREFINERYDXCARBON"
"SWEETENERSREFINERYDXFILTRATIONDRUMSPEED","Drum Speed","Sweeteners Refinery","DX Filtration","%","%","Wahpeton\_Reporting\Sweeteners Refinery\KPI\DX Filtration\Drum Speed","WAHPETONSWEETENERSREFINERYDXFILTRATION"
"SWEETENERSREFINERYDXFILTRATIONFASTPH","Fast pH","Sweeteners Refinery","DX Filtration","pH","pH","Wahpeton\_Reporting\Sweeteners Refinery\KPI\DX Filtration\Fast pH","WAHPETONSWEETENERSREFINERYDXFILTRATION"
"SWEETENERSREFINERYDXFILTRATIONFASTRESIDENCETIME","Fast Residence Time","Sweeteners Refinery","DX Filtration","h","h","Wahpeton\_Reporting\Sweeteners Refinery\KPI\DX Filtration\Fast Residence Time","WAHPETONSWEETENERSREFINERYDXFILTRATION"
"SWEETENERSREFINERYDXFILTRATIONFASTTEMPERATURE","Fast Temperature","Sweeteners Refinery","DX Filtration","°C","°F","Wahpeton\_Reporting\Sweeteners Refinery\KPI\DX Filtration\Fast Temperature","WAHPETONSWEETENERSREFINERYDXFILTRATION"
"SWEETENERSREFINERYDXFILTRATIONFILTRATIONPH","Filtration pH","Sweeteners Refinery","DX Filtration","pH","pH","Wahpeton\_Reporting\Sweeteners Refinery\KPI\DX Filtration\Filtration pH","WAHPETONSWEETENERSREFINERYDXFILTRATION"
"SWEETENERSREFINERYDXFILTRATIONKNIFEADVANCE","Knife Advance","Sweeteners Refinery","DX Filtration","%","%","Wahpeton\_Reporting\Sweeteners Refinery\KPI\DX Filtration\Knife Advance","WAHPETONSWEETENERSREFINERYDXFILTRATION"
"SWEETENERSREFINERYDXFILTRATIONONLINEVATLEVEL","Online Vat Level","Sweeteners Refinery","DX Filtration","%","%","Wahpeton\_Reporting\Sweeteners Refinery\KPI\DX Filtration\Online Vat Level","WAHPETONSWEETENERSREFINERYDXFILTRATION"
"SWEETENERSREFINERYDXFILTRATIONPRECOATMASSPERCAKE","Precoat Mass Per Cake","Sweeteners Refinery","DX Filtration","kg","lb","Wahpeton\_Reporting\Sweeteners Refinery\KPI\DX Filtration\Precoat Mass Per Cake","WAHPETONSWEETENERSREFINERYDXFILTRATION"
"SWEETENERSREFINERYDXFILTRATIONPRODUCTFEEDTEMPERATURE","Product Feed Temperature","Sweeteners Refinery","DX Filtration","°C","°F","Wahpeton\_Reporting\Sweeteners Refinery\KPI\DX Filtration\Product Feed Temperature","WAHPETONSWEETENERSREFINERYDXFILTRATION"
"SWEETENERSREFINERYDXGASACCHARIFICATIONFASTPH","Fast pH","Sweeteners Refinery","DX GA Saccharification","pH","pH","Wahpeton\_Reporting\Sweeteners Refinery\KPI\DX GA Saccharification\Fast pH","WAHPETONSWEETENERSREFINERYDXGASACCHARIFICATION"
"SWEETENERSREFINERYDXGASACCHARIFICATIONFASTRESIDENCETIME","Fast Residence Time","Sweeteners Refinery","DX GA Saccharification","h","h","Wahpeton\_Reporting\Sweeteners Refinery\KPI\DX GA Saccharification\Fast Residence Time","WAHPETONSWEETENERSREFINERYDXGASACCHARIFICATION"
"SWEETENERSREFINERYDXGASACCHARIFICATIONFASTTEMPERATURE","Fast Temperature","Sweeteners Refinery","DX GA Saccharification","°C","°F","Wahpeton\_Reporting\Sweeteners Refinery\KPI\DX GA Saccharification\Fast Temperature","WAHPETONSWEETENERSREFINERYDXGASACCHARIFICATION"
"SWEETENERSREFINERYDXGASACCHARIFICATIONFILTRATIONPH","Filtration pH","Sweeteners Refinery","DX GA Saccharification","pH","pH","Wahpeton\_Reporting\Sweeteners Refinery\KPI\DX GA Saccharification\Filtration pH","WAHPETONSWEETENERSREFINERYDXGASACCHARIFICATION"
"SWEETENERSREFINERYDXHCLCHEMICALCONCENTRATION-HCL","Chemical Concentration - HCl","Sweeteners Refinery","DX HCl","%","%","Wahpeton\_Reporting\Sweeteners Refinery\KPI\DX HCl\Chemical Concentration - HCl","WAHPETONSWEETENERSREFINERYDXHCL"
"SWEETENERSREFINERYDXHCLCHEMICALVOLUMEPERREGENERATION-NAOH","Chemical Volume per Regeneration - NaOH","Sweeteners Refinery","DX HCl","ratio","ratio","Wahpeton\_Reporting\Sweeteners Refinery\KPI\DX HCl\Chemical Volume per Regeneration - NaOH","WAHPETONSWEETENERSREFINERYDXHCL"
"SWEETENERSREFINERYDXHCLIXCYCLELENGTH","IX Cycle Length","Sweeteners Refinery","DX HCl","cycle/day","cycle/day","Wahpeton\_Reporting\Sweeteners Refinery\KPI\DX HCl\IX Cycle Length","WAHPETONSWEETENERSREFINERYDXHCL"
"SWEETENERSREFINERYDXNAOHCHEMICALSTRENGTH-NAOH","Chemical Strength - NaOH","Sweeteners Refinery","DX NaOH","%","%","Wahpeton\_Reporting\Sweeteners Refinery\KPI\DX NaOH\Chemical Strength - NaOH","WAHPETONSWEETENERSREFINERYDXNAOH"
"SWEETENERSREFINERYDXNAOHCHEMICALVOLUMEPERREGENERATION–NAOH","Chemical Volume per Regeneration – NaOH","Sweeteners Refinery","DX NaOH","ratio","ratio","Wahpeton\_Reporting\Sweeteners Refinery\KPI\DX NaOH\Chemical Volume per Regeneration – NaOH","WAHPETONSWEETENERSREFINERYDXNAOH"
"SWEETENERSREFINERYDXNAOHIXCYCLELENGTH","IX Cycle Length","Sweeteners Refinery","DX NaOH","","","Wahpeton\_Reporting\Sweeteners Refinery\KPI\DX NaOH\IX Cycle Length","WAHPETONSWEETENERSREFINERYDXNAOH"
"SWEETENERSREFINERYELECTRICFX42EVAPORATORPREHEATRECLAIMTEMPERATURE","FX 42 Evaporator Preheat Reclaim Temperature","Sweeteners Refinery","Electric","°C","°F","Wahpeton\_Reporting\Sweeteners Refinery\KPI\Electric\FX 42 Evaporator Preheat Reclaim Temperature","WAHPETONSWEETENERSREFINERYELECTRIC"
"SWEETENERSREFINERYELECTRICFX42MVRFEEDDS","FX 42 MVR Feed DS","Sweeteners Refinery","Electric","%","%","Wahpeton\_Reporting\Sweeteners Refinery\KPI\Electric\FX 42 MVR Feed DS","WAHPETONSWEETENERSREFINERYELECTRIC"
"SWEETENERSREFINERYELECTRICFX42MVRRECYCLEPERCENTAGE","FX 42 MVR Recycle Percentage","Sweeteners Refinery","Electric","%","%","Wahpeton\_Reporting\Sweeteners Refinery\KPI\Electric\FX 42 MVR Recycle Percentage","WAHPETONSWEETENERSREFINERYELECTRIC"
"SWEETENERSREFINERYELECTRICFX42MVRVACUUMPRESSURE","FX 42 MVR Vacuum Pressure","Sweeteners Refinery","Electric","bar","psi","Wahpeton\_Reporting\Sweeteners Refinery\KPI\Electric\FX 42 MVR Vacuum Pressure","WAHPETONSWEETENERSREFINERYELECTRIC"
"SWEETENERSREFINERYELECTRICFX55MVREFFICIENCY","FX 55 MVR Efficiency","Sweeteners Refinery","Electric","kW","Btu/h","Wahpeton\_Reporting\Sweeteners Refinery\KPI\Electric\FX 55 MVR Efficiency","WAHPETONSWEETENERSREFINERYELECTRIC"
"SWEETENERSREFINERYELECTRICFX55MVRFEEDDS","FX 55 MVR Feed DS","Sweeteners Refinery","Electric","%","%","Wahpeton\_Reporting\Sweeteners Refinery\KPI\Electric\FX 55 MVR Feed DS","WAHPETONSWEETENERSREFINERYELECTRIC"
"SWEETENERSREFINERYELECTRICFX55MVRRECYCLEPERCENTAGE","FX 55 MVR Recycle Percentage","Sweeteners Refinery","Electric","%","%","Wahpeton\_Reporting\Sweeteners Refinery\KPI\Electric\FX 55 MVR Recycle Percentage","WAHPETONSWEETENERSREFINERYELECTRIC"
"SWEETENERSREFINERYELECTRICFX55MVRVACUUMPRESSURE","FX 55 MVR Vacuum Pressure","Sweeteners Refinery","Electric","bar","psi","Wahpeton\_Reporting\Sweeteners Refinery\KPI\Electric\FX 55 MVR Vacuum Pressure","WAHPETONSWEETENERSREFINERYELECTRIC"
"SWEETENERSREFINERYFX42HCLCHEMICALCONCENTRATION-HCL","Chemical Concentration - HCl","Sweeteners Refinery","FX 42 HCl","%","%","Wahpeton\_Reporting\Sweeteners Refinery\KPI\FX 42 HCl\Chemical Concentration - HCl","WAHPETONSWEETENERSREFINERYFX42HCL"
"SWEETENERSREFINERYFX42HCLCHEMICALVOLUMEPERREGENERATION-CATION","Chemical Volume Per Regeneration - Cation","Sweeteners Refinery","FX 42 HCl","ratio","ratio","Wahpeton\_Reporting\Sweeteners Refinery\KPI\FX 42 HCl\Chemical Volume Per Regeneration - Cation","WAHPETONSWEETENERSREFINERYFX42HCL"
"SWEETENERSREFINERYFX42HCLIXCYCLELENGTH-CATION","IX Cycle Length - Cation","Sweeteners Refinery","FX 42 HCl","","","Wahpeton\_Reporting\Sweeteners Refinery\KPI\FX 42 HCl\IX Cycle Length - Cation","WAHPETONSWEETENERSREFINERYFX42HCL"
"SWEETENERSREFINERYFX42ISOMERASEUSAGEFRUCTOSECONTENTOUTLETIGI","Fructose Content Outlet IGI","Sweeteners Refinery","FX 42 Isomerase Usage","%","%","Wahpeton\_Reporting\Sweeteners Refinery\KPI\FX 42 Isomerase Usage\Fructose Content Outlet IGI","WAHPETONSWEETENERSREFINERYFX42ISOMERASEUSAGE"
"SWEETENERSREFINERYFX42ISOMERASEUSAGEIGICOLUMNFEEDPH","IGI Column Feed pH","Sweeteners Refinery","FX 42 Isomerase Usage","pH","pH","Wahpeton\_Reporting\Sweeteners Refinery\KPI\FX 42 Isomerase Usage\IGI Column Feed pH","WAHPETONSWEETENERSREFINERYFX42ISOMERASEUSAGE"
"SWEETENERSREFINERYFX42ISOMERASEUSAGEIGICOLUMNFEEDRATE","IGI Column Feed Rate","Sweeteners Refinery","FX 42 Isomerase Usage","m3/h","gpm","Wahpeton\_Reporting\Sweeteners Refinery\KPI\FX 42 Isomerase Usage\IGI Column Feed Rate","WAHPETONSWEETENERSREFINERYFX42ISOMERASEUSAGE"
"SWEETENERSREFINERYFX42ISOMERASEUSAGEIGICOLUMNFEEDTEMPERATURE","IGI Column Feed Temperature","Sweeteners Refinery","FX 42 Isomerase Usage","°C","°F","Wahpeton\_Reporting\Sweeteners Refinery\KPI\FX 42 Isomerase Usage\IGI Column Feed Temperature","WAHPETONSWEETENERSREFINERYFX42ISOMERASEUSAGE"
"SWEETENERSREFINERYFX42ISOMERASEUSAGEIGIFEEDDE","IGI Feed DE","Sweeteners Refinery","FX 42 Isomerase Usage","%","%","Wahpeton\_Reporting\Sweeteners Refinery\KPI\FX 42 Isomerase Usage\IGI Feed DE","WAHPETONSWEETENERSREFINERYFX42ISOMERASEUSAGE"
"SWEETENERSREFINERYFX42ISOMERASEUSAGEIGIFEEDDS","IGI Feed DS","Sweeteners Refinery","FX 42 Isomerase Usage","%","%","Wahpeton\_Reporting\Sweeteners Refinery\KPI\FX 42 Isomerase Usage\IGI Feed DS","WAHPETONSWEETENERSREFINERYFX42ISOMERASEUSAGE"
"SWEETENERSREFINERYFX42ISOMERASEUSAGEMBSFEEDRATIO","MBS Feed Ratio","Sweeteners Refinery","FX 42 Isomerase Usage","ratio","ratio","Wahpeton\_Reporting\Sweeteners Refinery\KPI\FX 42 Isomerase Usage\MBS Feed Ratio","WAHPETONSWEETENERSREFINERYFX42ISOMERASEUSAGE"
"SWEETENERSREFINERYFX42NAOHCHEMICALSTRENGTH-NAOH","Chemical Strength - NaOH","Sweeteners Refinery","FX 42 NaOH","%","%","Wahpeton\_Reporting\Sweeteners Refinery\KPI\FX 42 NaOH\Chemical Strength - NaOH","WAHPETONSWEETENERSREFINERYFX42NAOH"
"SWEETENERSREFINERYFX42NAOHCHEMICALVOLUMEPERREGENERATION-NAOH","Chemical Volume Per Regeneration - NaOH","Sweeteners Refinery","FX 42 NaOH","ratio","ratio","Wahpeton\_Reporting\Sweeteners Refinery\KPI\FX 42 NaOH\Chemical Volume Per Regeneration - NaOH","WAHPETONSWEETENERSREFINERYFX42NAOH"
"SWEETENERSREFINERYFX42NAOHIXCYCLELENGTH","IX Cycle Length","Sweeteners Refinery","FX 42 NaOH","h","h","Wahpeton\_Reporting\Sweeteners Refinery\KPI\FX 42 NaOH\IX Cycle Length","WAHPETONSWEETENERSREFINERYFX42NAOH"
"SWEETENERSREFINERYFX55HCLCHEMICALCONCENTRATION-HCL","Chemical Concentration - HCl","Sweeteners Refinery","FX 55 HCl","%","%","Wahpeton\_Reporting\Sweeteners Refinery\KPI\FX 55 HCl\Chemical Concentration - HCl","WAHPETONSWEETENERSREFINERYFX55HCL"
"SWEETENERSREFINERYFX55HCLCHEMICALVOLUMEPERREGENERATION-HCL","Chemical Volume Per Regeneration - HCl","Sweeteners Refinery","FX 55 HCl","","","Wahpeton\_Reporting\Sweeteners Refinery\KPI\FX 55 HCl\Chemical Volume Per Regeneration - HCl","WAHPETONSWEETENERSREFINERYFX55HCL"
"SWEETENERSREFINERYFX55HCLIXCYCLELENGTH","IX Cycle Length","Sweeteners Refinery","FX 55 HCl","h","h","Wahpeton\_Reporting\Sweeteners Refinery\KPI\FX 55 HCl\IX Cycle Length","WAHPETONSWEETENERSREFINERYFX55HCL"
"SWEETENERSREFINERYFX55ISOMERASEUSAGEFRUCTOSECONTENTOUTLETIGI","Fructose Content Outlet IGI","Sweeteners Refinery","FX 55 Isomerase Usage","%","%","Wahpeton\_Reporting\Sweeteners Refinery\KPI\FX 55 Isomerase Usage\Fructose Content Outlet IGI","WAHPETONSWEETENERSREFINERYFX55ISOMERASEUSAGE"
"SWEETENERSREFINERYFX55NAOHCHEMICALSTRENGTH-NAOH","Chemical Strength - NaOH","Sweeteners Refinery","FX 55 NaOH","%","%","Wahpeton\_Reporting\Sweeteners Refinery\KPI\FX 55 NaOH\Chemical Strength - NaOH","WAHPETONSWEETENERSREFINERYFX55NAOH"
"SWEETENERSREFINERYFX55NAOHCHEMICALVOLUMEPERREGENERATION-NAOH","Chemical Volume Per Regeneration - NaOH","Sweeteners Refinery","FX 55 NaOH","","","Wahpeton\_Reporting\Sweeteners Refinery\KPI\FX 55 NaOH\Chemical Volume Per Regeneration - NaOH","WAHPETONSWEETENERSREFINERYFX55NAOH"
"SWEETENERSREFINERYFX55NAOHIXCYCLELENGTH","IX Cycle Length","Sweeteners Refinery","FX 55 NaOH","h","h","Wahpeton\_Reporting\Sweeteners Refinery\KPI\FX 55 NaOH\IX Cycle Length","WAHPETONSWEETENERSREFINERYFX55NAOH"
"SWEETENERSREFINERYSTEAMFX42EVAPORATOREFFICIENCY","FX 42 Evaporator Efficiency","Sweeteners Refinery","Steam","kg/kg","lb/lb","Wahpeton\_Reporting\Sweeteners Refinery\KPI\Steam\FX 42 Evaporator Efficiency","WAHPETONSWEETENERSREFINERYSTEAM"
"SWEETENERSREFINERYSTEAMFX42EVAPORATORPREHEATRECLAIMTEMPERATURE","FX 42 Evaporator Preheat Reclaim Temperature","Sweeteners Refinery","Steam","°C","°F","Wahpeton\_Reporting\Sweeteners Refinery\KPI\Steam\FX 42 Evaporator Preheat Reclaim Temperature","WAHPETONSWEETENERSREFINERYSTEAM"
"SWEETENERSREFINERYSTEAMFX42EVAPORATORRECYCLEPERCENTAGE","FX 42 Evaporator Recycle Percentage","Sweeteners Refinery","Steam","%","%","Wahpeton\_Reporting\Sweeteners Refinery\KPI\Steam\FX 42 Evaporator Recycle Percentage","WAHPETONSWEETENERSREFINERYSTEAM"
"SWEETENERSREFINERYSTEAMFX42EVAPORATORSTEAMPRESSURE","FX 42 Evaporator Steam Pressure","Sweeteners Refinery","Steam","bar","psi","Wahpeton\_Reporting\Sweeteners Refinery\KPI\Steam\FX 42 Evaporator Steam Pressure","WAHPETONSWEETENERSREFINERYSTEAM"
"SWEETENERSREFINERYSTEAMFX42EVAPORATORVACUUMPRESSURE","FX 42 Evaporator Vacuum Pressure","Sweeteners Refinery","Steam","bar","inHg","Wahpeton\_Reporting\Sweeteners Refinery\KPI\Steam\FX 42 Evaporator Vacuum Pressure","WAHPETONSWEETENERSREFINERYSTEAM"
"SWEETENERSREFINERYSTEAMFX42MVRMAKEUPSTEAMFLOWRATE","FX 42 MVR Make Up Steam Flowrate","Sweeteners Refinery","Steam","t/h","lb/hr","Wahpeton\_Reporting\Sweeteners Refinery\KPI\Steam\FX 42 MVR Make Up Steam Flowrate","WAHPETONSWEETENERSREFINERYSTEAM"
"SWEETENERSREFINERYSTEAMFX55EVAPORATOREFFICIENCY","FX 55 Evaporator Efficiency","Sweeteners Refinery","Steam","kW","Btu/h","Wahpeton\_Reporting\Sweeteners Refinery\KPI\Steam\FX 55 Evaporator Efficiency","WAHPETONSWEETENERSREFINERYSTEAM"
"SWEETENERSREFINERYSTEAMFX55EVAPORATORRECYCLEPERCENTAGE","FX 55 Evaporator Recycle Percentage","Sweeteners Refinery","Steam","%","%","Wahpeton\_Reporting\Sweeteners Refinery\KPI\Steam\FX 55 Evaporator Recycle Percentage","WAHPETONSWEETENERSREFINERYSTEAM"
"SWEETENERSREFINERYSTEAMFX55EVAPORATORSTEAMPRESSURE","FX 55 Evaporator Steam Pressure","Sweeteners Refinery","Steam","bar","psi","Wahpeton\_Reporting\Sweeteners Refinery\KPI\Steam\FX 55 Evaporator Steam Pressure","WAHPETONSWEETENERSREFINERYSTEAM"
"SWEETENERSREFINERYSTEAMFX55EVAPORATORVACUUMPRESSURE","FX 55 Evaporator Vacuum Pressure","Sweeteners Refinery","Steam","bar","inHg","Wahpeton\_Reporting\Sweeteners Refinery\KPI\Steam\FX 55 Evaporator Vacuum Pressure","WAHPETONSWEETENERSREFINERYSTEAM"
"SWEETENERSREFINERYSTEAMFX55MVRMAKEUPSTEAMFLOWRATE","FX 55 MVR Make Up Steam Flowrate","Sweeteners Refinery","Steam","t/h","lb/hr","Wahpeton\_Reporting\Sweeteners Refinery\KPI\Steam\FX 55 MVR Make Up Steam Flowrate","WAHPETONSWEETENERSREFINERYSTEAM"
"SWEETENERSREFINERYWATERFX55CHROMOWATERRATIO","FX 55 Chromo Water Ratio","Sweeteners Refinery","Water","kg/kg","lb/lb","Wahpeton\_Reporting\Sweeteners Refinery\KPI\Water\FX 55 Chromo Water Ratio","WAHPETONSWEETENERSREFINERYWATER"
"UTILITIESBIOGASUTILIZATIONBIOGASFLARE","Biogas Flare","Utilities","Biogas Utilization","","","Wahpeton\_Reporting\Utilities\KPI\Biogas Utilization\Biogas Flare","WAHPETONUTILITIESBIOGASUTILIZATION"
"UTILITIESBIOGASUTILIZATIONFACILITYBIOGASCOMBUSTIONPROCESSESINOPERATION","Facility Biogas Combustion Processes in Operation","Utilities","Biogas Utilization","","0","Wahpeton\_Reporting\Utilities\KPI\Biogas Utilization\Facility Biogas Combustion Processes in Operation","WAHPETONUTILITIESBIOGASUTILIZATION"
"UTILITIESBIOGASUTILIZATIONFACILITYWASTEWATERTREATMENTBIOGASFLOW","Facility Waste Water Treatment Biogas Flow","Utilities","Biogas Utilization","","0","Wahpeton\_Reporting\Utilities\KPI\Biogas Utilization\Facility Waste Water Treatment Biogas Flow","WAHPETONUTILITIESBIOGASUTILIZATION"
"UTILITIESCOMPRESSEDAIREFFICIENCYAIRCOMPRESSORSYSTEMAIRHEADERPRESSURE","Air Compressor System Air Header Pressure","Utilities","Compressed Air Efficiency","","","Wahpeton\_Reporting\Utilities\KPI\Compressed Air Efficiency\Air Compressor System Air Header Pressure","WAHPETONUTILITIESCOMPRESSEDAIREFFICIENCY"
"UTILITIESCOMPRESSEDAIREFFICIENCYAIRDRYERREGENERATIONCYCLES","Air Dryer Regeneration Cycles","Utilities","Compressed Air Efficiency","","0","Wahpeton\_Reporting\Utilities\KPI\Compressed Air Efficiency\Air Dryer Regeneration Cycles","WAHPETONUTILITIESCOMPRESSEDAIREFFICIENCY"
"UTILITIESCOMPRESSEDAIREFFICIENCYNUMBEROFAIRCOMPRESSORUNITSINOPERATION","Number of Air Compressor Units in Operation","Utilities","Compressed Air Efficiency","","0","Wahpeton\_Reporting\Utilities\KPI\Compressed Air Efficiency\Number of Air Compressor Units in Operation","WAHPETONUTILITIESCOMPRESSEDAIREFFICIENCY"
"WHEATAREAPROTEINRECOVERY3-PHASEDECANTERMAXCAPACITY","3-phase Decanter Max Capacity","Wheat Area","Protein Recovery","t/h","ston/h","Bergen op Zoom\_Reporting\Wheat Area\KPI\Protein Recovery\3-phase Decanter Max Capacity","BERGENOPZOOMWHEATAREAPROTEINRECOVERY"
"WHEATAREAPROTEINRECOVERYASHINFLOUR","Ash in Flour","Wheat Area","Protein Recovery","%","%","Bergen op Zoom\_Reporting\Wheat Area\KPI\Protein Recovery\Ash in Flour","BERGENOPZOOMWHEATAREAPROTEINRECOVERY"
"WHEATAREAPROTEINRECOVERYDOUGHMIXERENERGYINPUT","Doughmixer Energy Input","Wheat Area","Protein Recovery","kW","kW","Bergen op Zoom\_Reporting\Wheat Area\KPI\Protein Recovery\Doughmixer Energy Input","BERGENOPZOOMWHEATAREAPROTEINRECOVERY"
"WHEATAREAPROTEINRECOVERYDOUGHPREPWATER","Dough Prep Water","Wheat Area","Protein Recovery","%","%","Bergen op Zoom\_Reporting\Wheat Area\KPI\Protein Recovery\Dough Prep Water","BERGENOPZOOMWHEATAREAPROTEINRECOVERY"
"WHEATAREAPROTEINRECOVERYFEED3-PHASEDECANTER","Feed 3-Phase Decanter","Wheat Area","Protein Recovery","%","%","Bergen op Zoom\_Reporting\Wheat Area\KPI\Protein Recovery\Feed 3-Phase Decanter","BERGENOPZOOMWHEATAREAPROTEINRECOVERY"
"WHEATAREAPROTEINRECOVERYFLOURYIELD","Flour Yield","Wheat Area","Protein Recovery","%","%","Bergen op Zoom\_Reporting\Wheat Area\KPI\Protein Recovery\Flour Yield","BERGENOPZOOMWHEATAREAPROTEINRECOVERY"
"WHEATAREAPROTEINRECOVERYPHDOUGHPREPWATER","pH Dough Prep Water","Wheat Area","Protein Recovery","pH","pH","Bergen op Zoom\_Reporting\Wheat Area\KPI\Protein Recovery\pH Dough Prep Water","BERGENOPZOOMWHEATAREAPROTEINRECOVERY"
"WHEATAREAPROTEINRECOVERYSTARCHINBRAN","Starch in Bran","Wheat Area","Protein Recovery","%","%","Bergen op Zoom\_Reporting\Wheat Area\KPI\Protein Recovery\Starch in Bran","BERGENOPZOOMWHEATAREAPROTEINRECOVERY"
"WHEATAREASTARCHINBRANASHINFLOUR","Ash in Flour","Wheat Area","Starch in Bran","%","%","Bergen op Zoom\_Reporting\Wheat Area\KPI\Starch in Bran\Ash in Flour","BERGENOPZOOMWHEATAREASTARCHINBRAN"
"WHEATAREASTARCHINBRANFIRSTTEMPERING","First Tempering","Wheat Area","Starch in Bran","h","h","Bergen op Zoom\_Reporting\Wheat Area\KPI\Starch in Bran\First Tempering","BERGENOPZOOMWHEATAREASTARCHINBRAN"
"WHEATAREASTARCHINBRANFIRSTTEMPERINGMOISTUREINCREASE","First Tempering Moisture Increase","Wheat Area","Starch in Bran","%","%","Bergen op Zoom\_Reporting\Wheat Area\KPI\Starch in Bran\First Tempering Moisture Increase","BERGENOPZOOMWHEATAREASTARCHINBRAN"
"WHEATAREASTARCHINBRANFLOURYIELD","Flour Yield","Wheat Area","Starch in Bran","%","%","Bergen op Zoom\_Reporting\Wheat Area\KPI\Starch in Bran\Flour Yield","BERGENOPZOOMWHEATAREASTARCHINBRAN"
"WHEATAREASTEAMEFFLUENTHEATER","Effluent Heater","Wheat Area","Steam","t","ton","Bergen op Zoom\_Reporting\Wheat Area\KPI\Steam\Effluent Heater","BERGENOPZOOMWHEATAREASTEAM"
"WHEATAREASTEAMVGWDRYER1","VGW Dryer 1","Wheat Area","Steam","kW","kW","Bergen op Zoom\_Reporting\Wheat Area\KPI\Steam\VGW Dryer 1","BERGENOPZOOMWHEATAREASTEAM"
"WHEATAREASTEAMVGWDRYER2","VGW Dryer 2","Wheat Area","Steam","kW","kW","Bergen op Zoom\_Reporting\Wheat Area\KPI\Steam\VGW Dryer 2","BERGENOPZOOMWHEATAREASTEAM"
"WHEATAREASTEAMVGWDRYER3","VGW Dryer 3","Wheat Area","Steam","kW","kW","Bergen op Zoom\_Reporting\Wheat Area\KPI\Steam\VGW Dryer 3","BERGENOPZOOMWHEATAREASTEAM"
"WHEATAREASTEAMVGWDRYER4","VGW Dryer 4","Wheat Area","Steam","kW","kW","Bergen op Zoom\_Reporting\Wheat Area\KPI\Steam\VGW Dryer 4","BERGENOPZOOMWHEATAREASTEAM"
"WHEATAREAVWGMOISTURECLASSIFIERMILLDS","Classifier Mill DS","Wheat Area","VWG Moisture","%","%","Bergen op Zoom\_Reporting\Wheat Area\KPI\VWG Moisture\Classifier Mill DS","BERGENOPZOOMWHEATAREAVWGMOISTURE"
"WHEATAREAVWGMOISTUREGLUTENDRYERAIRRH","Gluten dryer air RH","Wheat Area","VWG Moisture","%","%","Bergen op Zoom\_Reporting\Wheat Area\KPI\VWG Moisture\Gluten dryer air RH","BERGENOPZOOMWHEATAREAVWGMOISTURE"
"WHEATAREAVWGMOISTUREGLUTENDRYERMOISTURE","Gluten Dryer Moisture","Wheat Area","VWG Moisture","%","%","Bergen op Zoom\_Reporting\Wheat Area\KPI\VWG Moisture\Gluten Dryer Moisture","BERGENOPZOOMWHEATAREAVWGMOISTURE"
"WHEATAREAVWGMOISTUREGLUTENDRYEROUTLETTEMPERATURE","Gluten Dryer Outlet Temperature","Wheat Area","VWG Moisture","degC","degF","Bergen op Zoom\_Reporting\Wheat Area\KPI\VWG Moisture\Gluten Dryer Outlet Temperature","BERGENOPZOOMWHEATAREAVWGMOISTURE"
"WHEATAREAVWGMOISTUREGLUTENSCREENINGTEMPERATURE","Gluten Screening Temperature","Wheat Area","VWG Moisture","degC","degF","Bergen op Zoom\_Reporting\Wheat Area\KPI\VWG Moisture\Gluten Screening Temperature","BERGENOPZOOMWHEATAREAVWGMOISTURE"
"WHEATAREAVWGPROTEIN1STSCREENWASHWATERADDITION","1st Screen Wash Water Addition","Wheat Area","VWG Protein","m3/h","ft3/h","Bergen op Zoom\_Reporting\Wheat Area\KPI\VWG Protein\1st Screen Wash Water Addition","BERGENOPZOOMWHEATAREAVWGPROTEIN"
"WHEATAREAVWGPROTEIN3-PHASEDECANTERMAXCAPACITY","3-Phase Decanter Max Capacity","Wheat Area","VWG Protein","t/h","ston/h","Bergen op Zoom\_Reporting\Wheat Area\KPI\VWG Protein\3-Phase Decanter Max Capacity","BERGENOPZOOMWHEATAREAVWGPROTEIN"
"WHEATAREAVWGPROTEIN3-PHASEDECANTERTORQUE","3-Phase Decanter Torque","Wheat Area","VWG Protein","%","%","Bergen op Zoom\_Reporting\Wheat Area\KPI\VWG Protein\3-Phase Decanter Torque","BERGENOPZOOMWHEATAREAVWGPROTEIN"
"WHEATAREAVWGPROTEINFEED3-PHASEDECANTER","Feed 3-Phase Decanter","Wheat Area","VWG Protein","%","%","Bergen op Zoom\_Reporting\Wheat Area\KPI\VWG Protein\Feed 3-Phase Decanter","BERGENOPZOOMWHEATAREAVWGPROTEIN"
"WHEATAREAVWGPROTEINGLUTENSCREENINGTEMPERATURE","Gluten Screening Temperature","Wheat Area","VWG Protein","degC","degF","Bergen op Zoom\_Reporting\Wheat Area\KPI\VWG Protein\Gluten Screening Temperature","BERGENOPZOOMWHEATAREAVWGPROTEIN"